{"nodes": [0, 1, 2, 3, 4, 5], "edges": [[0, 1], [0, 2], [0, 4], [1, 5], [2, 3], [3, 4], [4, 5]], "edge_server": [5, 2, 3], "cloud_server": [4], "client": [0, 1], "switch": [0, 1], "scenario": [{"delay": [[0, 1, 44.85184701134104], [0, 2, 99.64263997511877], [0, 4, 7.323884905464324], [1, 5, 62.33768670252249], [2, 3, 88.76272019341745], [3, 4, 19.441689138743246], [4, 5, 95.11330770565351]], "loss": [[0, 1, 0.03], [0, 2, 0.005], [0, 4, 0.005], [1, 5, 0.005], [2, 3, 0.005], [3, 4, 0.04], [4, 5, 0.09]], "bandwidth": [[0, 1, 163.0999137258189], [0, 2, 56.706437929559215], [0, 4, 135.78091553828745], [1, 5, 45.32339153694982], [2, 3, 165.1757764449847], [3, 4, 138.08908007825383], [4, 5, 113.09178761126991]], "link_utilization": [[0, 1, 0.6627052943808154], [0, 2, 0.24717048163452324], [0, 4, 0.6393310149680096], [1, 5, 0.5143210304740768], [2, 3, 0.2034940593632535], [3, 4, 0.5054844056337353], [4, 5, 0.28904234568504095]], "request": [[1, 3], [1, 4]]}, {"delay": [[0, 1, 15.269561606606565], [0, 2, 9.511590031936823], [0, 4, 36.00764835049797], [1, 5, 66.03481477734407], [2, 3, 17.805006651305625], [3, 4, 98.1568643427336], [4, 5, 87.75395068099309]], "loss": [[0, 1, 0.1], [0, 2, 0.05], [0, 4, 0.03], [1, 5, 0.005], [2, 3, 0.09], [3, 4, 0.09], [4, 5, 0.04]], "bandwidth": [[0, 1, 130.92950509071142], [0, 2, 46.57189966014086], [0, 4, 36.24502905298318], [1, 5, 62.24935527856889], [2, 3, 136.1998585217611], [3, 4, 161.95488638889245], [4, 5, 160.0809634282382]], "link_utilization": [[0, 1, 0.3191664919552147], [0, 2, 0.5196755313649465], [0, 4, 0.5109925523939179], [1, 5, 0.21184271263204232], [2, 3, 0.6156949975239008], [3, 4, 0.17287823011076525], [4, 5, 0.33248546699831816]], "request": [[0, 4], [0, 2], [1, 5], [1, 3], [0, 2]]}, {"delay": [[0, 1, 74.0914747673104], [0, 2, 78.70510583347952], [0, 4, 89.7568916936682], [1, 5, 52.455427798246234], [2, 3, 97.21782004530722], [3, 4, 95.34025353543912], [4, 5, 53.42678382283136]], "loss": [[0, 1, 0.1], [0, 2, 0.1], [0, 4, 0.001], [1, 5, 0.05], [2, 3, 0.03], [3, 4, 0.03], [4, 5, 0.1]], "bandwidth": [[0, 1, 120.03202717351016], [0, 2, 77.48470931133451], [0, 4, 73.22221574744077], [1, 5, 52.577247089963144], [2, 3, 166.29847866153588], [3, 4, 108.26561268119438], [4, 5, 165.0100227888926]], "link_utilization": [[0, 1, 0.4771414637271071], [0, 2, 0.22624991720523885], [0, 4, 0.44816114809766805], [1, 5, 0.6184223852928895], [2, 3, 0.1341273638529315], [3, 4, 0.4031644426854212], [4, 5, 0.48966952847626344]], "request": [[0, 4], [0, 5], [1, 4], [1, 4], [1, 3], [1, 3], [1, 5], [1, 4], [0, 5], [0, 2], [0, 4], [0, 3], [1, 5], [1, 5], [1, 5]]}, {"delay": [[0, 1, 97.43477524951867], [0, 2, 16.472439704109135], [0, 4, 25.511513523084915], [1, 5, 15.700373104701049], [2, 3, 71.66509327236449], [3, 4, 37.154076910518285], [4, 5, 26.381917443033682]], "loss": [[0, 1, 0.07], [0, 2, 0.01], [0, 4, 0.005], [1, 5, 0.05], [2, 3, 0.005], [3, 4, 0.04], [4, 5, 0.09]], "bandwidth": [[0, 1, 110.8559799635241], [0, 2, 88.5957196244314], [0, 4, 61.43943613137924], [1, 5, 161.63948408224167], [2, 3, 34.08843664296926], [3, 4, 194.69239425834246], [4, 5, 139.5511682573234]], "link_utilization": [[0, 1, 0.5325335755445063], [0, 2, 0.39486676362000284], [0, 4, 0.43436293984894414], [1, 5, 0.5035439431356432], [2, 3, 0.8711059777484923], [3, 4, 0.21579829539063003], [4, 5, 0.30399468534599494]], "request": [[1, 5], [0, 2], [0, 2], [1, 3], [0, 2], [0, 4], [1, 2], [1, 2], [0, 2], [1, 2], [0, 2], [1, 2], [1, 3], [1, 3], [1, 4]]}, {"delay": [[0, 1, 6.9389687673347415], [0, 2, 59.40216478972509], [0, 4, 73.42486369312117], [1, 5, 84.23684856713773], [2, 3, 78.00866398183138], [3, 4, 56.474355216842966], [4, 5, 64.51690175865488]], "loss": [[0, 1, 0.001], [0, 2, 0.07], [0, 4, 0.04], [1, 5, 0.02], [2, 3, 0.02], [3, 4, 0.001], [4, 5, 0.07]], "bandwidth": [[0, 1, 73.34445336407711], [0, 2, 44.96796585708651], [0, 4, 128.5002198400535], [1, 5, 139.38827365698987], [2, 3, 125.32387037848088], [3, 4, 197.33285150333063], [4, 5, 35.573942427906275]], "link_utilization": [[0, 1, 0.5237140220460246], [0, 2, 0.45107418957405243], [0, 4, 0.2559791785113559], [1, 5, 0.7456570992645553], [2, 3, 0.60401888596896], [3, 4, 0.6644436515276732], [4, 5, 0.3991305965763474]], "request": [[1, 5], [1, 5], [1, 4], [1, 4], [0, 2], [0, 2], [1, 3], [1, 4], [0, 4], [0, 2], [0, 4], [1, 2], [0, 5], [1, 4], [1, 5]]}]}