{"nodes": [0, 1, 2, 3, 4, 5], "edges": [[0, 1], [0, 2], [0, 4], [1, 5], [2, 3], [3, 4], [4, 5]], "edge_server": [1, 4, 0], "cloud_server": [2], "client": [3, 5], "switch": [3, 5], "scenario": [{"delay": [[0, 1, 786.5390144035981], [0, 2, 108.10493918113647], [0, 4, 303.19502945388933], [1, 5, 368.5407521247353], [2, 3, 245.07026883996133], [3, 4, 891.7819210163132], [4, 5, 498.0966963526094]], "loss": [[0, 1, 0.1], [0, 2, 0.1], [0, 4, 0.09], [1, 5, 0.01], [2, 3, 0.1], [3, 4, 0.02], [4, 5, 0.005]], "bandwidth": [[0, 1, 101.00912308870853], [0, 2, 192.83978415436204], [0, 4, 70.93568686325622], [1, 5, 162.33683456975356], [2, 3, 98.77655069917782], [3, 4, 188.1437695751792], [4, 5, 80.19199349936707]], "link_utilization": [[0, 1, 0.7477947497130012], [0, 2, 0.7794962455218307], [0, 4, 0.19853453700248747], [1, 5, 0.44259816007214536], [2, 3, 0.2609572164286502], [3, 4, 0.41430341044392016], [4, 5, 0.5586499827485194]], "request": [[3, 2], [5, 1], [3, 4], [3, 2], [3, 0]]}, {"delay": [[0, 1, 137.1783216607267], [0, 2, 100.69711473541832], [0, 4, 947.8991355856184], [1, 5, 244.00250250015313], [2, 3, 403.99957282659625], [3, 4, 481.57842691654895], [4, 5, 285.88837562774734]], "loss": [[0, 1, 0.01], [0, 2, 0.05], [0, 4, 0.09], [1, 5, 0.1], [2, 3, 0.09], [3, 4, 0.02], [4, 5, 0.05]], "bandwidth": [[0, 1, 195.92125887120602], [0, 2, 89.72881561463132], [0, 4, 63.791538517987284], [1, 5, 44.516476969964394], [2, 3, 35.777565833159706], [3, 4, 55.59082050026032], [4, 5, 181.2630570785385]], "link_utilization": [[0, 1, 0.3926514089919886], [0, 2, 0.2959417696958172], [0, 4, 0.6654615654305305], [1, 5, 0.673774558268799], [2, 3, 0.6112784034363951], [3, 4, 0.8330682645692014], [4, 5, 0.2239650465345392]], "request": [[3, 0], [5, 1], [3, 4], [5, 0], [5, 0], [3, 2], [5, 0], [5, 0], [3, 0], [3, 1], [3, 2], [3, 0], [5, 0], [5, 1], [3, 2]]}, {"delay": [[0, 1, 999.5900253685503], [0, 2, 560.6701736126056], [0, 4, 762.495818374105], [1, 5, 389.2349205924004], [2, 3, 179.43094656946374], [3, 4, 474.4984251481171], [4, 5, 843.7751412202599]], "loss": [[0, 1, 0.001], [0, 2, 0.09], [0, 4, 0.1], [1, 5, 0.04], [2, 3, 0.01], [3, 4, 0.1], [4, 5, 0.1]], "bandwidth": [[0, 1, 147.43592818391136], [0, 2, 70.96499751808534], [0, 4, 148.35249548383865], [1, 5, 103.28220074356807], [2, 3, 54.2184013562295], [3, 4, 116.38128076149346], [4, 5, 90.10747655325157]], "link_utilization": [[0, 1, 0.7421479772667675], [0, 2, 0.39072131189401094], [0, 4, 0.5695679700382091], [1, 5, 0.17009542453243834], [2, 3, 0.8281324387409973], [3, 4, 0.24067469670370284], [4, 5, 0.5670315966791598]], "request": [[3, 0], [5, 1]]}, {"delay": [[0, 1, 367.7918203873897], [0, 2, 493.88629902024013], [0, 4, 323.9687608645466], [1, 5, 680.2946988483721], [2, 3, 984.125202124383], [3, 4, 757.97245734958], [4, 5, 768.8215296459001]], "loss": [[0, 1, 0.1], [0, 2, 0.01], [0, 4, 0.05], [1, 5, 0.04], [2, 3, 0.05], [3, 4, 0.03], [4, 5, 0.001]], "bandwidth": [[0, 1, 171.23919837021035], [0, 2, 187.65003668208632], [0, 4, 73.0251117447952], [1, 5, 87.37981433151313], [2, 3, 106.50892143995812], [3, 4, 41.80460386292783], [4, 5, 175.81278135184064]], "link_utilization": [[0, 1, 0.5038061244060505], [0, 2, 0.8202991379591323], [0, 4, 0.4183368044008159], [1, 5, 0.7478587818892705], [2, 3, 0.15586863310298169], [3, 4, 0.7300558664522011], [4, 5, 0.19462222578997565]], "request": [[3, 4], [3, 0]]}, {"delay": [[0, 1, 812.2572859642083], [0, 2, 453.47752355981675], [0, 4, 635.6315252570682], [1, 5, 468.30344278462155], [2, 3, 75.05392680893554], [3, 4, 284.56981709768564], [4, 5, 541.1151203643869]], "loss": [[0, 1, 0.02], [0, 2, 0.02], [0, 4, 0.01], [1, 5, 0.02], [2, 3, 0.1], [3, 4, 0.001], [4, 5, 0.07]], "bandwidth": [[0, 1, 47.67708610952037], [0, 2, 43.11040041266639], [0, 4, 128.51137182315463], [1, 5, 58.10833663378347], [2, 3, 96.50855333232232], [3, 4, 171.79007120813662], [4, 5, 178.5192845564111]], "link_utilization": [[0, 1, 0.5475631000788738], [0, 2, 0.7981460121338758], [0, 4, 0.7166913829539866], [1, 5, 0.26750115843338496], [2, 3, 0.7314544512349077], [3, 4, 0.8892840312296929], [4, 5, 0.2994853126870052]], "request": [[3, 2], [3, 1], [3, 0], [5, 1], [5, 0], [5, 4], [3, 2], [5, 4], [3, 4], [5, 2], [5, 1], [3, 4], [3, 0], [5, 2], [3, 4]]}]}