{"nodes": [0, 1, 2, 3, 4, 5], "edges": [[0, 1], [0, 2], [0, 4], [1, 5], [2, 3], [3, 4], [4, 5]], "edge_server": [1, 4, 5], "cloud_server": [3], "client": [0, 2], "switch": [0, 2], "scenario": [{"delay": [[0, 1, 371.3203739035457], [0, 2, 697.578518317523], [0, 4, 544.6728754115375], [1, 5, 775.9181492744691], [2, 3, 909.4907201893543], [3, 4, 890.2148727310935], [4, 5, 352.12699721911866]], "loss": [[0, 1, 0.03], [0, 2, 0.005], [0, 4, 0.04], [1, 5, 0.01], [2, 3, 0.09], [3, 4, 0.005], [4, 5, 0.02]], "bandwidth": [[0, 1, 148.88552289813094], [0, 2, 123.54851154567054], [0, 4, 198.52766573996306], [1, 5, 198.59797691685802], [2, 3, 182.20013823617427], [3, 4, 144.50958097528564], [4, 5, 82.65662884000079]], "link_utilization": [[0, 1, 0.7373384357177466], [0, 2, 0.25239540171962294], [0, 4, 0.6326968133062563], [1, 5, 0.8421210644519349], [2, 3, 0.49059766649231473], [3, 4, 0.28131884974917754], [4, 5, 0.27447198849071147]], "request": [[2, 1], [0, 3]]}, {"delay": [[0, 1, 813.5681891486587], [0, 2, 98.2722445138984], [0, 4, 251.04411276573828], [1, 5, 702.0159385445917], [2, 3, 807.2786200791993], [3, 4, 568.4221554346931], [4, 5, 698.4088261933296]], "loss": [[0, 1, 0.03], [0, 2, 0.01], [0, 4, 0.02], [1, 5, 0.001], [2, 3, 0.03], [3, 4, 0.04], [4, 5, 0.01]], "bandwidth": [[0, 1, 139.3789170445342], [0, 2, 36.90537572064078], [0, 4, 81.54290786889064], [1, 5, 168.21621202414147], [2, 3, 180.36573795023986], [3, 4, 71.77642571752376], [4, 5, 151.6832359763257]], "link_utilization": [[0, 1, 0.7319736698910031], [0, 2, 0.3663330723519963], [0, 4, 0.7070272214106147], [1, 5, 0.5972095277474885], [2, 3, 0.8194640745616426], [3, 4, 0.32506983553141017], [4, 5, 0.10463027025750078]], "request": [[2, 1], [0, 4]]}, {"delay": [[0, 1, 996.4168655708546], [0, 2, 369.5273313924442], [0, 4, 971.1234325782087], [1, 5, 490.30119525538925], [2, 3, 923.098989949124], [3, 4, 642.5213665728306], [4, 5, 277.46801551146075]], "loss": [[0, 1, 0.001], [0, 2, 0.02], [0, 4, 0.09], [1, 5, 0.09], [2, 3, 0.001], [3, 4, 0.05], [4, 5, 0.03]], "bandwidth": [[0, 1, 71.16008919390524], [0, 2, 57.01369626825091], [0, 4, 130.00973997069303], [1, 5, 31.343837603141786], [2, 3, 52.255214588616205], [3, 4, 178.46378948425695], [4, 5, 68.23752201650677]], "link_utilization": [[0, 1, 0.2861342239333482], [0, 2, 0.6735747389919768], [0, 4, 0.6048269260531077], [1, 5, 0.25327527656809745], [2, 3, 0.3770943670718023], [3, 4, 0.29805291398564515], [4, 5, 0.8387555401448911]], "request": [[2, 5], [2, 3]]}, {"delay": [[0, 1, 220.1229578562317], [0, 2, 155.979725264339], [0, 4, 206.2723482728681], [1, 5, 939.3626337713714], [2, 3, 86.26440239484506], [3, 4, 727.75379017551], [4, 5, 314.54700362555354]], "loss": [[0, 1, 0.03], [0, 2, 0.01], [0, 4, 0.05], [1, 5, 0.03], [2, 3, 0.07], [3, 4, 0.04], [4, 5, 0.005]], "bandwidth": [[0, 1, 54.086919414774506], [0, 2, 82.00591178009816], [0, 4, 149.13922406010926], [1, 5, 57.86370395106695], [2, 3, 79.81738564196127], [3, 4, 168.12900235987428], [4, 5, 186.71666879108267]], "link_utilization": [[0, 1, 0.709925048694258], [0, 2, 0.4144195303997589], [0, 4, 0.24823364674620088], [1, 5, 0.1456894012407827], [2, 3, 0.7966669173168762], [3, 4, 0.13869666418658727], [4, 5, 0.6918554601123054]], "request": [[2, 4], [2, 1]]}, {"delay": [[0, 1, 179.23158392340633], [0, 2, 322.2650665414081], [0, 4, 67.03042225726726], [1, 5, 605.6481640973929], [2, 3, 659.8389942621687], [3, 4, 117.94410538794698], [4, 5, 787.4595521249546]], "loss": [[0, 1, 0.07], [0, 2, 0.04], [0, 4, 0.09], [1, 5, 0.01], [2, 3, 0.09], [3, 4, 0.07], [4, 5, 0.07]], "bandwidth": [[0, 1, 130.84015710150683], [0, 2, 164.56109785493186], [0, 4, 54.60828433956469], [1, 5, 121.59610554660716], [2, 3, 114.67306814183125], [3, 4, 173.5615597942784], [4, 5, 48.35836528791188]], "link_utilization": [[0, 1, 0.1956761745967114], [0, 2, 0.6757536009089704], [0, 4, 0.17837530387170847], [1, 5, 0.8866863688285335], [2, 3, 0.20770300527945817], [3, 4, 0.6809554642390212], [4, 5, 0.868464412758875]], "request": [[2, 4], [0, 5], [0, 3], [0, 3], [0, 4], [0, 4], [0, 4], [0, 1], [0, 4], [2, 3], [2, 4], [0, 4], [2, 3], [0, 1], [0, 4]]}]}