{"nodes": [0, 1, 2, 3, 4, 5, 6, 7, 8, 9, 10, 11, 12, 13, 14, 15, 16, 17, 18, 19], "edges": [[0, 3], [0, 11], [0, 6], [1, 11], [1, 7], [2, 3], [2, 11], [4, 5], [4, 6], [5, 8], [7, 9], [8, 9], [10, 18], [10, 19], [11, 18], [11, 15], [12, 17], [12, 13], [13, 14], [14, 16], [14, 15], [15, 16], [16, 17], [17, 18], [17, 19], [18, 19]], "edge_server": [0, 2, 14, 8, 10, 15, 18, 19, 17, 4, 16, 1, 12], "cloud_server": [13, 9], "client": [3, 5, 6, 7, 11], "switch": [3, 5, 6, 7, 11], "scenario": [{"delay": [[0, 3, 81.21975715980156], [0, 11, 918.2487056831301], [0, 6, 995.5360260604582], [1, 11, 424.2278013174774], [1, 7, 820.5289248943349], [2, 3, 741.841372362467], [2, 11, 703.1839502494709], [4, 5, 701.556455156009], [4, 6, 296.1502121431749], [5, 8, 592.8546068145728], [7, 9, 82.69784470081224], [8, 9, 387.8408357371309], [10, 18, 800.4622888280173], [10, 19, 54.29482277157118], [11, 18, 282.8418229354353], [11, 15, 360.89122278279854], [12, 17, 575.2163533408574], [12, 13, 710.2004392105134], [13, 14, 641.8558763137697], [14, 16, 708.7418637019354], [14, 15, 336.9989672855302], [15, 16, 257.8799525908032], [16, 17, 858.5848638324637], [17, 18, 379.7071342086672], [17, 19, 599.0352626100598], [18, 19, 856.7040053679705]], "loss": [[0, 3, 0.07], [0, 11, 0.02], [0, 6, 0.09], [1, 11, 0.09], [1, 7, 0.07], [2, 3, 0.05], [2, 11, 0.05], [4, 5, 0.04], [4, 6, 0.005], [5, 8, 0.07], [7, 9, 0.04], [8, 9, 0.02], [10, 18, 0.01], [10, 19, 0.01], [11, 18, 0.07], [11, 15, 0.005], [12, 17, 0.001], [12, 13, 0.04], [13, 14, 0.01], [14, 16, 0.02], [14, 15, 0.001], [15, 16, 0.1], [16, 17, 0.05], [17, 18, 0.03], [17, 19, 0.1], [18, 19, 0.001]], "bandwidth": [[0, 3, 107.35428480247691], [0, 11, 123.09868745056933], [0, 6, 152.10306989047172], [1, 11, 95.82584777270658], [1, 7, 156.44128498562128], [2, 3, 132.38285891271386], [2, 11, 135.47937926562895], [4, 5, 40.55742236346088], [4, 6, 182.72305803186], [5, 8, 81.45433780174602], [7, 9, 38.48553257319591], [8, 9, 72.18956525158396], [10, 18, 163.42978541308048], [10, 19, 164.6549987955458], [11, 18, 48.033403873748696], [11, 15, 159.46897746353068], [12, 17, 139.0652680100344], [12, 13, 55.46272188304034], [13, 14, 95.67169627858547], [14, 16, 84.53987677640976], [14, 15, 44.82076167608842], [15, 16, 188.4043455235629], [16, 17, 170.34129215443173], [17, 18, 156.32626038289513], [17, 19, 191.56566209281627], [18, 19, 72.86528744257957]], "link_utilization": [[0, 3, 0.8254194814266028], [0, 11, 0.23417932845636225], [0, 6, 0.42239133391894945], [1, 11, 0.3683794670398769], [1, 7, 0.28086128309126057], [2, 3, 0.6144598871420188], [2, 11, 0.8113664422053354], [4, 5, 0.8955428351522112], [4, 6, 0.8035228511898954], [5, 8, 0.6555439607254445], [7, 9, 0.3685899105388516], [8, 9, 0.5509248634886476], [10, 18, 0.35336339998851984], [10, 19, 0.5064554969298655], [11, 18, 0.5774822766510072], [11, 15, 0.26351262290745614], [12, 17, 0.655532208586415], [12, 13, 0.8389949911882086], [13, 14, 0.3029507053977153], [14, 16, 0.7200917310265317], [14, 15, 0.8319237273320522], [15, 16, 0.7739600605400186], [16, 17, 0.14732184789090585], [17, 18, 0.5086461357800474], [17, 19, 0.14638175229967693], [18, 19, 0.3246502652314218]], "request": [[3, 10], [7, 13], [5, 1], [6, 12], [3, 16]]}, {"delay": [[0, 3, 758.871537642645], [0, 11, 271.73316447965715], [0, 6, 523.0554828664078], [1, 11, 858.6217003742763], [1, 7, 391.06278242672323], [2, 3, 510.2058805735644], [2, 11, 747.76437868097], [4, 5, 547.2968585917611], [4, 6, 487.07212765771123], [5, 8, 185.3438633477761], [7, 9, 493.54595367402385], [8, 9, 384.1587134058495], [10, 18, 155.1778537032324], [10, 19, 838.0166271666708], [11, 18, 903.6974550659617], [11, 15, 645.5986218365736], [12, 17, 821.6134982273036], [12, 13, 384.8833902065816], [13, 14, 932.7286663368301], [14, 16, 387.73173724543983], [14, 15, 940.1608555921111], [15, 16, 728.7938002505826], [16, 17, 260.24989552270915], [17, 18, 571.8124424551036], [17, 19, 901.3947659148265], [18, 19, 599.9234376340329]], "loss": [[0, 3, 0.1], [0, 11, 0.09], [0, 6, 0.1], [1, 11, 0.1], [1, 7, 0.07], [2, 3, 0.09], [2, 11, 0.02], [4, 5, 0.02], [4, 6, 0.005], [5, 8, 0.005], [7, 9, 0.01], [8, 9, 0.03], [10, 18, 0.04], [10, 19, 0.03], [11, 18, 0.001], [11, 15, 0.07], [12, 17, 0.1], [12, 13, 0.03], [13, 14, 0.005], [14, 16, 0.05], [14, 15, 0.02], [15, 16, 0.09], [16, 17, 0.001], [17, 18, 0.1], [17, 19, 0.01], [18, 19, 0.01]], "bandwidth": [[0, 3, 154.88877332315383], [0, 11, 106.75697734508246], [0, 6, 159.5029974073175], [1, 11, 92.13392793441028], [1, 7, 135.509681036318], [2, 3, 144.80318221939592], [2, 11, 131.45150650304953], [4, 5, 115.04706978258261], [4, 6, 66.88049934058674], [5, 8, 89.26983196093744], [7, 9, 98.030884451378], [8, 9, 89.15484483749918], [10, 18, 127.94672797800447], [10, 19, 114.35125712543933], [11, 18, 76.13550346042004], [11, 15, 128.846032421961], [12, 17, 38.25867874343937], [12, 13, 42.34486147090523], [13, 14, 198.34633943169433], [14, 16, 193.7360144380132], [14, 15, 127.22781008358531], [15, 16, 33.72116581348431], [16, 17, 55.87201364974526], [17, 18, 195.08428976787332], [17, 19, 73.47135677577741], [18, 19, 90.21221436649816]], "link_utilization": [[0, 3, 0.6900321233907168], [0, 11, 0.7524758050750321], [0, 6, 0.1303405258024024], [1, 11, 0.10137930191272791], [1, 7, 0.10043918114985538], [2, 3, 0.5688841297919215], [2, 11, 0.17494928482417926], [4, 5, 0.8336055700616164], [4, 6, 0.77159697787394], [5, 8, 0.1105757003957658], [7, 9, 0.4896157455273741], [8, 9, 0.2832799005786374], [10, 18, 0.450176243245334], [10, 19, 0.7124242272487624], [11, 18, 0.7307830124569649], [11, 15, 0.3816811136492736], [12, 17, 0.4789526964930666], [12, 13, 0.5362051955192801], [13, 14, 0.5076922490253135], [14, 16, 0.43938361366124157], [14, 15, 0.754557320284066], [15, 16, 0.11189127947876419], [16, 17, 0.37969269397793026], [17, 18, 0.6249623302412437], [17, 19, 0.6297587200866884], [18, 19, 0.2863045710727101]], "request": [[11, 4], [3, 14]]}, {"delay": [[0, 3, 284.6678040091435], [0, 11, 113.90832951008413], [0, 6, 555.7800021477727], [1, 11, 618.7905001957348], [1, 7, 58.04614629834466], [2, 3, 839.012597490736], [2, 11, 73.36256078271569], [4, 5, 273.8977435769931], [4, 6, 641.9001641571278], [5, 8, 305.9163315250303], [7, 9, 466.34526278222364], [8, 9, 212.20592459250415], [10, 18, 828.0843607348929], [10, 19, 938.3821492482152], [11, 18, 768.1934114759763], [11, 15, 349.0304511068466], [12, 17, 707.2082331094251], [12, 13, 888.0926548738505], [13, 14, 64.12032481155286], [14, 16, 544.7163851327334], [14, 15, 460.0600418520831], [15, 16, 771.9174157957832], [16, 17, 107.2935724790798], [17, 18, 566.6727293077166], [17, 19, 313.7354504408108], [18, 19, 195.4751955483445]], "loss": [[0, 3, 0.09], [0, 11, 0.005], [0, 6, 0.001], [1, 11, 0.001], [1, 7, 0.01], [2, 3, 0.03], [2, 11, 0.03], [4, 5, 0.02], [4, 6, 0.07], [5, 8, 0.02], [7, 9, 0.005], [8, 9, 0.001], [10, 18, 0.02], [10, 19, 0.001], [11, 18, 0.05], [11, 15, 0.005], [12, 17, 0.005], [12, 13, 0.07], [13, 14, 0.07], [14, 16, 0.09], [14, 15, 0.01], [15, 16, 0.02], [16, 17, 0.05], [17, 18, 0.001], [17, 19, 0.01], [18, 19, 0.01]], "bandwidth": [[0, 3, 61.85930996598383], [0, 11, 168.01228729436843], [0, 6, 101.94877459465022], [1, 11, 87.14651552123814], [1, 7, 72.44549427328062], [2, 3, 57.989238979039314], [2, 11, 69.72068645499134], [4, 5, 159.18970431778706], [4, 6, 48.450839849528876], [5, 8, 146.71684031030767], [7, 9, 70.07146472911322], [8, 9, 187.10278000352295], [10, 18, 151.42539304180525], [10, 19, 182.09276753325045], [11, 18, 140.19261041352496], [11, 15, 169.5614048109421], [12, 17, 129.24278258701145], [12, 13, 59.27524830835858], [13, 14, 90.45290912601342], [14, 16, 34.576431008747335], [14, 15, 61.07087180109001], [15, 16, 154.52233776451115], [16, 17, 73.64062692952459], [17, 18, 117.62553284127861], [17, 19, 165.38477703881773], [18, 19, 134.33264342828056]],