{"nodes": [0, 1, 2, 3, 4, 5, 6, 7, 8, 9, 10, 11, 12, 13, 14, 15, 16, 17, 18, 19], "edges": [[0, 3], [0, 11], [0, 6], [1, 11], [1, 7], [2, 3], [2, 11], [4, 5], [4, 6], [5, 8], [7, 9], [8, 9], [10, 18], [10, 19], [11, 18], [11, 15], [12, 17], [12, 13], [13, 14], [14, 16], [14, 15], [15, 16], [16, 17], [17, 18], [17, 19], [18, 19]], "edge_server": [8], "cloud_server": [7], "client": [0, 1, 2, 3, 4, 5, 6, 9, 10, 11, 12, 13, 14, 15, 16, 17, 18, 19], "switch": [0, 1, 2, 3, 4, 5, 6, 9, 10, 11, 12, 13, 14, 15, 16, 17, 18, 19], "scenario": [{"delay": [[0, 3, 213.4380442009625], [0, 11, 90.74289703984921], [0, 6, 294.6459265300457], [1, 11, 847.2358646710029], [1, 7, 721.1589886533435], [2, 3, 366.5290474202466], [2, 11, 736.5678952493453], [4, 5, 373.2999710061319], [4, 6, 120.04838751530119], [5, 8, 443.50041871466675], [7, 9, 172.40820484740556], [8, 9, 481.4724735372677], [10, 18, 615.0566909254311], [10, 19, 601.9202350569408], [11, 18, 491.7956436990826], [11, 15, 779.902165493927], [12, 17, 919.439477390673], [12, 13, 366.73245659105834], [13, 14, 707.8785642483855], [14, 16, 550.2757094316314], [14, 15, 157.51662836938192], [15, 16, 569.4529507296199], [16, 17, 353.2428863936224], [17, 18, 205.12344332604988], [17, 19, 686.7656220128092], [18, 19, 333.4709132723358]], "loss": [[0, 3, 0.01], [0, 11, 0.04], [0, 6, 0.01], [1, 11, 0.1], [1, 7, 0.09], [2, 3, 0.01], [2, 11, 0.001], [4, 5, 0.04], [4, 6, 0.005], [5, 8, 0.01], [7, 9, 0.02], [8, 9, 0.04], [10, 18, 0.02], [10, 19, 0.001], [11, 18, 0.02], [11, 15, 0.04], [12, 17, 0.02], [12, 13, 0.02], [13, 14, 0.005], [14, 16, 0.01], [14, 15, 0.01], [15, 16, 0.02], [16, 17, 0.1], [17, 18, 0.001], [17, 19, 0.02], [18, 19, 0.07]], "bandwidth": [[0, 3, 182.07823782111157], [0, 11, 160.12705672749004], [0, 6, 107.29159352638003], [1, 11, 101.43482335083856], [1, 7, 53.95581627414512], [2, 3, 189.57393973064052], [2, 11, 125.69733916398123], [4, 5, 63.88668919811667], [4, 6, 173.6823902433521], [5, 8, 87.59753681847697], [7, 9, 168.6035637559937], [8, 9, 73.0672542919088], [10, 18, 81.32753210470642], [10, 19, 110.38863765729162], [11, 18, 199.2223830732166], [11, 15, 39.737047169014545], [12, 17, 197.12213672423022], [12, 13, 104.1736684233672], [13, 14, 52.03338823768917], [14, 16, 85.24643513231713], [14, 15, 149.366707343207], [15, 16, 139.34047645858573], [16, 17, 167.4531682885346], [17, 18, 124.58935560487507], [17, 19, 99.04571553294272], [18, 19, 172.10553265309238]], "link_utilization": [[0, 3, 0.5336368046568464], [0, 11, 0.8831842856051745], [0, 6, 0.2560767059206669], [1, 11, 0.5994520418621313], [1, 7, 0.593146414450525], [2, 3, 0.6936440346082795], [2, 11, 0.12026107808881381], [4, 5, 0.513560998524856], [4, 6, 0.6229547250702342], [5, 8, 0.32624298425269327], [7, 9, 0.893762088760002], [8, 9, 0.2019983130258094], [10, 18, 0.41706570138195054], [10, 19, 0.4120131000417063], [11, 18, 0.309814889543625], [11, 15, 0.14527015708364407], [12, 17, 0.2854570504083873], [12, 13, 0.15996495927670723], [13, 14, 0.4914053932268906], [14, 16, 0.850395930374352], [14, 15, 0.5195593962412163], [15, 16, 0.19664742540819358], [16, 17, 0.720036626074368], [17, 18, 0.7190380919602769], [17, 19, 0.7219574713832343], [18, 19, 0.8138880080527181]], "request": [[11, 8], [2, 7]]}, {"delay": [[0, 3, 98.67790168344786], [0, 11, 310.54714847939675], [0, 6, 609.5573171015167], [1, 11, 226.87795787926459], [1, 7, 237.53734834819997], [2, 3, 469.2981849944685], [2, 11, 149.22866168420782], [4, 5, 522.9361774890649], [4, 6, 585.8444168809506], [5, 8, 923.9490918982633], [7, 9, 916.9498923404185], [8, 9, 308.0943547906697], [10, 18, 590.0459898598245], [10, 19, 312.7210921688903], [11, 18, 961.1783410310853], [11, 15, 121.84143039690979], [12, 17, 364.4020921009448], [12, 13, 855.9292368257755], [13, 14, 339.56561693890563], [14, 16, 423.96052640882874], [14, 15, 513.8127639068222], [15, 16, 794.9564586823832], [16, 17, 596.1411208856829], [17, 18, 620.8628499519015], [17, 19, 143.01942514108347], [18, 19, 316.90660029042147]], "loss": [[0, 3, 0.05], [0, 11, 0.03], [0, 6, 0.05], [1, 11, 0.1], [1, 7, 0.01], [2, 3, 0.02], [2, 11, 0.001], [4, 5, 0.1], [4, 6, 0.02], [5, 8, 0.04], [7, 9, 0.05], [8, 9, 0.09], [10, 18, 0.1], [10, 19, 0.04], [11, 18, 0.02], [11, 15, 0.03], [12, 17, 0.05], [12, 13, 0.01], [13, 14, 0.05], [14, 16, 0.05], [14, 15, 0.04], [15, 16, 0.1], [16, 17, 0.001], [17, 18, 0.001], [17, 19, 0.04], [18, 19, 0.01]], "bandwidth": [[0, 3, 80.77841437801214], [0, 11, 82.57327691275981], [0, 6, 131.26078905760843], [1, 11, 127.29170432216712], [1, 7, 179.94403028449722], [2, 3, 140.0898749455758], [2, 11, 68.62935470629803], [4, 5, 171.86594635429012], [4, 6, 195.3269254060817], [5, 8, 89.47391487336317], [7, 9, 81.62206844227725], [8, 9, 147.75387049192796], [10, 18, 89.35055301468336], [10, 19, 33.50740687009735], [11, 18, 165.09145778804776], [11, 15, 87.48125919987028], [12, 17, 97.72670647517059], [12, 13, 86.428857213907], [13, 14, 162.74731108397063], [14, 16, 34.30904600919239], [14, 15, 144.00605483024793], [15, 16, 67.48713665079828], [16, 17, 61.87089280101629], [17, 18, 48.70799504133366], [17, 19, 114.93757670510516], [18, 19, 149.1866780628365]], "link_utilization": [[0, 3, 0.6969316648111658], [0, 11, 0.18027504972971606], [0, 6, 0.3675714603243504], [1, 11, 0.18325281440199845], [1, 7, 0.11066908154018967], [2, 3, 0.88873980138863], [2, 11, 0.604370359073094], [4, 5, 0.16772282186589554], [4, 6, 0.48835188849790157], [5, 8, 0.8788838852751981], [7, 9, 0.5221323141245634], [8, 9, 0.29021345954537914], [10, 18, 0.6427488164705938], [10, 19, 0.6749155483955724], [11, 18, 0.14797765570070195], [11, 15, 0.7476425022837953], [12, 17, 0.6644984907126397], [12, 13, 0.32882755264221053], [13, 14, 0.5562649696994004], [14, 16, 0.10297117519493436], [14, 15, 0.33903156228742304], [15, 16, 0.8607883448092042], [16, 17, 0.2595407358334455], [17, 18, 0.3523642724583871], [17, 19, 0.5994478394475105], [18, 19, 0.5210002473459813]], "request": [[15, 7], [16, 7]]}, {"delay": [[0, 3, 570.805149388874], [0, 11, 586.0842318003994], [0, 6, 598.129938515149], [1, 11, 155.03479161865505], [1, 7, 999.248163030757], [2, 3, 673.8583405274312], [2, 11, 466.5492628147454], [4, 5, 940.267746010462], [4, 6, 462.7559121012852], [5, 8, 744.747672520926], [7, 9, 618.3350178014218], [8, 9, 511.33971420148737], [10, 18, 159.78212987794888], [10, 19, 216.92738757561642], [11, 18, 227.4192292858206], [11, 15, 951.9990286403498], [12, 17, 786.8468351410567], [12, 13, 599.9943979621197], [13, 14, 910.1093578652628], [14, 16, 300.300644272278], [14, 15, 920.2680188302116], [15, 16, 371.9001373101208], [16, 17, 917.5590792745957], [17, 18, 679.6656266820213], [17, 19, 960.8529424398581], [18, 19, 678.6332217108132]], "loss": [[0, 3, 0.03], [0, 11, 0.07], [0, 6, 0.001], [1, 11, 0.005], [1, 7, 0.07], [2, 3, 0.005], [2, 11, 0.02], [4, 5, 0.005], [4, 6, 0.1], [5, 8, 0.05], [7, 9, 0.09], [8, 9, 0.005], [10, 18, 0.05], [10, 19, 0.04], [11, 18, 0.02], [11, 15, 0.02], [12, 17, 0.07], [12, 13, 0.05], [13, 14, 0.1], [14, 16, 0.09], [14, 15, 0.01], [15, 16, 0.03], [16, 17, 0.1], [17, 18, 0.005], [17, 19, 0.09], [18, 19, 0.02]], "bandwidth": [[0, 3, 158.2295770052757], [0, 11, 37.55681877460171], [0, 6, 160.46814463564317], [1, 11, 161.27891546768674], [1, 7, 183.37526850714622], [2, 3, 179.32008632174598], [2, 11, 57.5568507720768], [4, 5, 101.13171291314698], [4, 6, 30.0131543041443], [5, 8, 196.1889120076454], [7, 9, 178.08528389714976], [8, 9, 65.43052442360809], [10, 18, 141.3566899303405], [10, 19, 49.87670186755492], [11, 18, 159.11242279152816], [11, 15, 99.80402668334123], [12, 17, 163.23804869274989], [12, 13, 130.49467474962233], [13, 14, 149.95538956135687], [14, 16, 171.4442964789777], [14, 15, 173.64685575715498], [15, 16, 179.72071802295616], [16, 17, 113.60494416426245], [17, 18, 112.67988490237197], [17, 19, 139.22366211676314], [18, 19, 114.64325394725077]],